date,hours_opened,tips_normalized,total_sales_normalized,in_store_orders,item_A_sales,item_B_sales,item_C_sales,HCF_sales,type_of_day
2024-06-01,9,701.28,10400.88,572.32,4787.08,2487.64,1765.5,0.0,Weekend
2024-06-02,8,665.79,8743.76,481.73,3265.82,2694.16,1436.59,0.0,Weekend
2024-06-03,11,384.0,7547.14,456.66,2622.48,2320.32,1354.56,0.0,Weekday
2024-06-04,11,373.5,7724.33,462.68,2898.15,2364.86,1334.32,0.0,Weekday
2024-06-05,11,435.75,8154.05,508.07,2791.84,2820.49,1426.76,0.0,Weekday
2024-06-06,11,389.49,7851.16,481.52,2563.76,2715.3,1363.17,0.0,Weekday
2024-06-07,12,613.86,9066.18,564.65,2901.83,3540.39,1436.62,0.0,Friday
2024-06-08,12,687.0,11482.03,641.59,3576.37,4641.49,1782.7,0.0,Weekend
2024-06-09,12,573.42,10352.71,635.84,3337.52,4077.19,1754.22,0.0,Weekend
2024-06-10,11,293.52,7095.32,472.96,2321.03,2369.47,1269.77,0.0,Weekday
2024-06-11,11,297.93,6742.54,460.53,2252.37,2077.53,1260.88,0.0,Weekday
2024-06-12,11,357.0,7167.07,487.07,2318.15,2348.59,1413.64,0.0,Weekday
2024-06-13,11,303.39,6850.1,448.86,2136.07,2450.03,1176.53,0.0,Weekday
2024-06-14,12,535.41,8851.76,566.08,3158.12,2971.2,1443.54,0.0,Friday
2024-06-15,12,636.81,9978.14,607.25,3653.38,3453.44,1572.21,0.0,Weekend
2024-06-16,12,414.18,8642.76,541.54,3080.72,3010.86,1333.96,0.0,Weekend
2024-06-17,11,416.37,6442.46,412.32,2089.34,1895.61,1295.4,0.0,Weekday
2024-06-18,11,442.8,6952.17,462.41,2277.39,2142.19,1347.78,0.0,Weekday
2024-06-19,11,510.54,7524.15,498.48,2405.78,2501.54,1435.4,0.0,Weekday
2024-06-20,11,511.8,7373.15,479.66,2246.83,2484.08,1451.97,0.0,Weekday
2024-06-21,12,872.91,8922.15,567.67,2540.64,3500.4,1548.42,0.0,Friday
2024-06-22,12,1045.53,10828.54,682.32,3496.58,4280.11,1620.58,0.0,Weekend
2024-06-23,12,873.03,9680.21,652.63,2926.93,3995.15,1405.94,0.0,Weekend
2024-06-24,11,581.82,7547.69,510.17,2274.39,2716.36,1351.27,0.0,Weekday
2024-06-25,11,578.04,7202.74,479.36,2090.82,2689.88,1253.71,0.0,Weekday
2024-06-26,11,597.9,7215.85,449.83,2332.83,2474.99,1248.04,0.0,Weekday
2024-06-27,11,501.96,7037.79,479.52,2025.82,2602.27,1209.86,0.0,Weekday
2024-06-28,12,776.16,8656.01,552.9,2570.48,3383.89,1372.35,0.0,Friday
2024-06-29,12,806.67,9375.56,596.76,2957.45,3789.73,1414.2,0.0,Weekend
2024-06-30,12,1150.38,10501.52,639.21,3092.02,4232.01,1663.64,0.0,Weekend
2024-07-01,11,841.74,9064.04,565.59,3108.09,3432.22,1251.12,0.0,Holiday
2024-07-02,11,595.68,7257.6,464.97,2409.43,2510.21,1154.22,0.0,Weekday
2024-07-03,11,551.07,6918.91,433.11,2088.33,2531.87,1104.34,0.0,Weekday
2024-07-04,11,540.78,7310.38,497.6,1981.25,2978.62,1139.36,0.0,Weekday
2024-07-05,12,675.72,8210.6,525.62,2475.08,3280.05,1262.03,0.0,Friday
2024-07-06,12,861.99,9436.55,605.59,2711.09,4129.01,1332.76,0.0,Weekend
2024-07-07,12,868.53,8914.81,597.09,2451.78,3960.11,1205.05,0.0,Weekend
2024-07-08,11,623.82,7508.34,504.13,2185.09,2937.72,1199.37,0.0,Weekday
2024-07-09,11,474.12,7005.43,432.81,2076.83,2504.81,1259.89,0.0,Weekday
2024-07-10,11,504.51,7481.16,438.15,2173.14,2654.75,1343.12,0.0,Weekday
2024-07-11,11,524.55,7241.35,459.23,2034.19,2653.59,1306.26,0.0,Weekday
2024-07-12,12,877.41,8964.82,559.17,2556.41,3666.7,1428.66,0.0,Friday
2024-07-13,12,820.35,9909.9,636.39,2817.5,4315.46,1553.6,0.0,Weekend
2024-07-14,12,981.18,9781.73,607.7,2536.7,4405.32,1483.96,0.0,Weekend
2024-07-15,11,471.69,6797.77,409.8,1716.88,2635.91,1242.82,0.0,Weekday
2024-07-16,11,569.91,7215.8,460.78,1952.18,2812.04,1287.81,0.0,Weekday
2024-07-17,11,545.76,7071.43,472.26,1897.45,2757.58,1250.18,0.0,Weekday
2024-07-18,11,597.6,7381.16,478.52,2018.16,2953.74,1203.75,0.0,Weekday
2024-07-19,12,708.33,8287.59,531.31,2338.87,3321.97,1371.42,0.0,Friday
2024-07-20,12,904.38,9722.96,616.25,2666.57,4232.27,1535.95,0.0,Weekend
2024-07-21,12,914.55,9045.6,605.87,2605.26,3639.11,1455.41,0.0,Weekend
2024-07-22,11,487.92,6904.76,462.38,1993.78,2411.62,1256.71,0.0,Weekday
2024-07-23,11,611.58,7420.59,492.09,2121.97,2875.93,1186.1,0.0,Weekday
2024-07-24,11,530.79,6538.39,424.95,1874.39,2344.45,1154.2,0.0,Weekday
2024-07-25,11,403.89,6831.5,444.14,2084.2,2378.76,1237.42,0.0,Weekday
2024-07-26,12,655.65,8531.43,568.57,2433.5,3490.84,1377.69,0.0,Friday
2024-07-27,12,663.75,8019.91,533.88,2340.61,3106.24,1262.13,0.0,Weekend
2024-07-28,12,781.59,8829.92,594.26,2661.66,3496.11,1349.85,0.0,Weekend
2024-07-29,11,439.02,6173.5,371.09,1890.26,1936.84,1188.49,0.0,Weekday
2024-07-30,11,533.25,6962.59,445.55,2293.63,2298.16,1281.74,0.0,Weekday
2024-07-31,11,454.08,7182.25,476.64,1940.62,2896.26,1185.74,0.0,Weekday
2024-08-01,11,513.42,6791.51,430.05,1742.3,2615.62,1252.83,0.0,Weekday
2024-08-02,12,638.58,7748.64,494.74,2247.02,2967.1,1272.37,0.0,Friday
2024-08-03,12,830.19,9058.71,576.03,2537.78,4004.1,1239.45,0.0,Weekend
2024-08-04,12,870.15,9170.83,585.91,2444.68,3997.14,1452.06,0.0,Weekend
2024-08-05,11,778.5,8981.65,609.0,2565.02,3772.98,1421.14,0.0,Holiday
2024-08-06,11,419.28,6501.48,412.24,1912.52,2190.56,1202.39,0.0,Weekday
2024-08-07,11,538.32,6970.36,462.61,1897.82,2636.38,1202.01,0.0,Weekday
2024-08-08,11,486.24,6793.73,490.13,1856.26,2488.57,1266.78,0.0,Weekday
2024-08-09,12,650.55,8064.83,533.78,2400.55,2918.62,1314.73,0.0,Friday
2024-08-10,12,605.52,8240.66,525.24,3141.65,2518.61,1227.04,0.0,Weekend
2024-08-11,12,891.78,9381.41,619.07,2474.51,4063.8,1466.17,0.0,Weekend
2024-08-12,11,429.36,6628.07,428.74,1895.24,2269.03,1284.75,0.0,Weekday
2024-08-13,11,428.52,6783.42,477.33,2131.95,2306.97,1239.61,0.0,Weekday
2024-08-14,11,570.75,7225.53,421.76,2056.01,2614.63,1209.58,0.0,Weekday
2024-08-15,10,471.96,6849.73,428.89,2081.95,2395.36,1247.28,0.0,Weekday
2024-08-16,12,604.92,7801.35,503.67,2447.67,2812.11,1241.62,0.0,Friday
2024-08-17,12,705.48,9078.84,604.6,2605.18,3671.94,1366.62,0.0,Weekend
2024-08-18,12,747.9,8298.54,513.78,2666.88,2902.63,1356.96,0.0,Weekend
2024-08-19,11,341.37,6175.82,425.1,1681.05,1989.63,1221.65,0.0,Weekday
2024-08-20,11,432.54,6844.54,467.67,2004.33,2319.46,1183.95,0.0,Weekday
2024-08-21,11,474.63,7245.1,458.59,2387.72,2181.7,1171.41,0.0,Weekday
2024-08-22,11,413.52,6550.42,444.57,1879.85,2266.79,1155.34,0.0,Weekday
2024-08-23,12,467.7,7029.94,464.79,2284.09,2301.46,1189.76,0.0,Friday
2024-08-24,12,719.82,8655.5,569.62,2882.95,3144.37,1334.8,0.0,Weekend
2024-08-25,12,671.52,8960.0,631.86,2643.28,3427.11,1455.91,0.0,Weekend
2024-08-26,11,396.54,6408.91,428.26,2002.7,1977.57,1174.5,0.0,Weekday
2024-08-27,11,483.24,6800.14,503.49,1925.05,2504.85,1192.39,0.0,Weekday
2024-08-28,11,544.89,6765.93,427.77,1964.72,2417.49,1171.58,0.0,Weekday
2024-08-29,11,359.43,6525.81,427.46,1809.46,2466.47,1156.22,0.0,Weekday
2024-08-30,12,594.9,7906.8,560.57,2112.86,3132.8,1200.83,0.0,Friday
2024-08-31,12,635.37,8699.88,556.29,2540.61,3496.79,1369.1,0.0,Weekend
2024-09-01,12,697.44,8883.37,595.29,2465.71,3761.58,1305.17,0.0,Weekend
2024-09-02,11,644.46,7846.72,508.24,2623.05,2619.81,1333.41,0.0,Holiday
2024-09-03,11,279.66,5773.76,403.49,1650.2,1815.57,1169.43,0.0,Weekday
2024-09-04,11,412.38,6306.78,469.0,1680.92,2307.68,1177.73,0.0,Weekday
2024-09-05,11,361.17,6123.16,419.65,1759.65,2038.41,1207.2,0.0,Weekday
2024-09-06,12,528.3,7209.85,501.3,2102.32,2666.87,1188.72,0.0,Friday
2024-09-07,12,559.65,7634.88,492.39,2385.07,2843.91,1256.18,0.0,Weekend
2024-09-08,12,528.69,7812.41,560.14,2352.27,2901.67,1331.17,0.0,Weekend
2024-09-09,11,273.27,5726.91,369.65,1743.37,1727.09,1143.8,0.0,Weekday
2024-09-10,11,268.35,5842.11,397.14,1749.57,1899.4,1100.11,0.0,Weekday
2024-09-11,11,244.98,5580.46,357.37,1649.68,1636.0,1140.07,0.0,Weekday
2024-09-12,11,243.69,5903.38,423.03,1905.75,1746.59,1135.2,0.0,Weekday
2024-09-13,12,471.21,7043.94,469.16,2196.65,2096.81,1356.67,0.0,Friday
2024-09-14,12,526.17,7878.78,497.53,2564.51,2653.21,1422.3,0.0,Weekend
2024-09-15,12,539.55,7398.55,480.98,2099.47,2721.82,1330.7,0.0,Weekend
2024-09-16,11,263.16,5660.62,372.63,1712.17,1668.96,1152.92,0.0,Weekday
2024-09-17,11,318.87,5769.76,372.82,1918.99,1643.68,1115.42,0.0,Weekday
2024-09-18,11,248.85,5814.55,352.03,1711.9,1736.12,1122.76,0.0,Weekday
2024-09-19,11,358.23,5978.67,391.54,1757.2,1952.47,1155.41,0.0,Weekday
2024-09-20,12,580.86,7684.89,487.45,2426.56,2677.02,1309.66,0.0,Friday
2024-09-21,12,719.7,7746.64,488.09,2453.39,2767.13,1249.51,0.0,Weekend
2024-09-22,12,506.07,7222.16,468.51,2283.79,2396.9,1313.03,0.0,Weekend
2024-09-23,11,365.61,6137.69,349.49,1988.5,1586.69,1175.46,0.0,Weekday
2024-09-24,11,331.77,5965.84,383.27,1948.9,1621.36,1161.82,0.0,Weekday
2024-09-25,11,251.61,5755.86,350.19,1920.92,1559.65,1183.55,0.0,Weekday
2024-09-26,11,305.52,5675.3,391.14,1745.2,1570.36,1224.02,0.0,Weekday
2024-09-27,12,450.78,6746.66,441.34,2094.48,2215.25,1265.93,0.0,Friday
2024-09-28,12,593.85,8481.34,572.8,2720.08,3053.07,1370.71,0.0,Weekend
2024-09-29,12,599.67,8112.32,543.39,2649.98,2776.78,1333.63,0.0,Weekend
2024-09-30,11,468.99,7318.85,489.83,2285.53,2458.69,1292.04,0.0,Holiday
2024-10-01,11,213.72,5158.8,386.43,1447.81,1583.84,1052.65,0.0,Weekday
2024-10-02,11,337.14,5893.49,376.86,1693.24,1652.37,1239.82,0.0,Weekday
2024-10-03,11,283.86,5538.61,352.93,1691.11,1527.52,1195.49,0.0,Weekday
2024-10-04,12,434.76,6648.19,469.44,2063.46,2111.76,1225.37,0.0,Friday
2024-10-05,12,579.96,7907.41,498.93,2535.49,2728.49,1338.18,0.0,Weekend
2024-10-06,12,491.55,7378.17,525.19,2289.59,2527.26,1330.0,0.0,Weekend
2024-10-07,11,308.04,5672.74,362.45,1645.4,1811.63,1137.65,0.0,Weekday
2024-10-08,11,240.24,5316.63,339.56,1692.4,1504.5,1093.19,0.0,Weekday
2024-10-09,11,170.01,5179.88,366.53,1474.6,1530.31,1154.79,0.0,Weekday
2024-10-10,11,270.33,5478.85,419.56,1653.32,1516.4,1191.56,0.0,Weekday
2024-10-11,12,420.69,7114.5,508.61,2149.66,2498.53,1262.16,0.0,Friday
2024-10-12,12,641.31,7832.17,498.31,2488.69,2686.5,1411.92,0.0,Weekend
2024-10-13,12,526.17,7468.02,510.82,2200.67,2758.31,1211.3,0.0,Weekend
2024-10-14,11,365.73,6334.52,358.44,1985.32,2005.25,1171.44,0.0,Holiday
2024-10-15,11,214.74,5224.05,400.8,1678.74,1467.95,1097.31,0.0,Weekday
2024-10-16,11,294.75,5481.1,362.67,1582.74,1594.24,1142.83,0.0,Weekday
2024-10-17,11,246.81,5616.96,360.81,1680.04,1627.41,1163.71,0.0,Weekday
2024-10-18,12,349.44,6019.49,404.52,2061.15,1546.14,1231.07,0.0,Friday
2024-10-19,12,395.4,6570.06,464.46,2132.79,1969.47,1293.92,0.0,Weekend
2024-10-20,12,364.5,6161.35,443.43,1845.85,1930.54,1160.68,0.0,Weekend
2024-10-21,11,322.53,5505.86,393.01,1781.03,1476.19,1133.16,0.0,Weekday
2024-10-22,11,287.94,5807.87,388.18,1874.18,1509.17,1199.17,0.0,Weekday
2024-10-23,11,393.33,6003.93,455.79,1771.14,1763.5,1288.0,0.0,Weekday
2024-10-24,11,266.88,5869.95,392.0,1830.04,1619.22,1198.55,0.0,Weekday
2024-10-25,12,440.07,7330.5,506.34,2288.35,2516.17,1223.49,0.0,Friday
2024-10-26,12,582.63,7408.98,470.48,2492.52,2107.64,1448.62,0.0,Weekend
2024-10-27,12,444.33,6827.28,476.05,2107.79,2281.94,1247.32,0.0,Weekend
2024-10-28,11,186.45,5072.18,355.2,1400.6,1495.34,1116.91,0.0,Weekday
2024-10-29,11,188.25,5213.55,353.69,1653.34,1402.83,1132.8,0.0,Weekday
2024-10-30,11,228.33,5170.91,353.67,1497.36,1466.18,1125.33,0.0,Weekday
2024-10-31,11,206.49,5125.84,354.81,1496.61,1440.59,1120.34,0.0,Weekday
2024-11-01,12,318.33,5830.65,422.9,1884.83,1689.1,1181.35,0.0,Friday
2024-11-02,12,697.17,7763.98,531.33,2779.85,2457.33,1318.61,0.0,Weekend
2024-11-03,12,498.78,7338.09,484.04,2505.58,2412.44,1257.2,0.0,Weekend
2024-11-04,6,127.53,4623.81,291.98,1458.14,1001.58,1098.9,0.0,Unusual
2024-11-05,11,241.38,5719.16,354.76,1784.85,1559.92,1141.38,0.0,Weekday
2024-11-06,11,239.16,5434.71,358.87,1630.43,1581.98,1104.31,0.0,Weekday
2024-11-07,11,329.52,6169.64,418.01,1855.05,1672.14,1276.09,0.0,Weekday
2024-11-08,12,490.41,6989.84,459.71,2106.47,2360.37,1197.57,0.0,Friday
2024-11-09,12,586.65,7627.59,472.07,2682.15,2246.49,1324.22,0.0,Weekend
2024-11-10,12,631.35,8072.39,489.66,3032.11,2459.1,1300.56,0.0,Weekend
2024-11-11,11,433.98,7168.12,424.39,2628.35,2021.8,1270.38,0.0,Holiday
2024-11-12,11,211.14,5351.3,405.36,1656.82,1565.75,1137.15,0.0,Weekday
2024-11-13,11,203.46,5479.87,348.8,1760.12,1431.66,1122.26,0.0,Weekday
2024-11-14,11,297.96,5824.49,370.92,1841.03,1641.87,1195.48,0.0,Weekday
2024-11-15,12,387.06,7054.9,451.12,2557.16,2072.03,1250.47,0.0,Friday
2024-11-16,12,888.99,6948.06,424.39,2570.35,1720.4,1242.19,0.0,Weekend
2024-11-17,12,882.39,7005.52,381.94,2563.22,1761.15,1306.0,0.0,Weekend
2024-11-18,11,254.64,5354.61,338.67,1709.0,1333.53,1137.96,0.0,Weekday
2024-11-19,11,206.46,5158.6,362.52,1547.98,1366.27,1126.81,0.0,Weekday
2024-11-20,11,243.39,5354.38,356.03,1622.12,1515.17,1134.49,0.0,Weekday
2024-11-21,11,285.81,5824.06,356.78,1929.95,1605.0,1175.44,0.0,Weekday
2024-11-22,12,380.07,6968.46,465.62,2242.16,2245.66,1349.56,0.0,Friday
2024-11-23,12,530.55,8104.91,481.48,2660.74,2637.69,1326.16,0.0,Weekend
2024-11-24,12,379.2,7141.31,407.72,2582.19,2052.91,1267.32,0.0,Weekend
2024-11-25,11,268.8,5451.68,363.02,1666.59,1484.95,1111.12,0.0,Weekday
2024-11-26,11,294.06,5275.46,353.24,1606.3,1468.09,1092.25,0.0,Weekday
2024-11-27,11,176.34,5253.45,328.98,1555.94,1451.77,1131.46,0.0,Weekday
2024-11-28,11,193.68,5317.73,356.13,1612.58,1457.81,1178.77,0.0,Weekday
2024-11-29,12,335.94,6270.56,366.18,2179.97,1702.18,1267.51,0.0,Friday
2024-11-30,12,409.89,7442.46,496.83,2463.99,2541.09,1192.91,0.0,Weekend
2024-12-01,12,490.86,7276.14,464.06,2492.65,2107.45,1376.56,0.0,Weekend
2024-12-02,11,178.59,4975.15,308.18,1516.5,1353.37,1051.37,0.0,Weekday
2024-12-03,11,196.32,5361.68,351.59,1626.8,1531.15,1083.54,0.0,Weekday
2024-12-04,11,203.76,5382.52,354.44,1678.95,1351.65,1250.04,0.0,Weekday
2024-12-05,11,256.2,5758.75,333.04,1830.77,1571.54,1161.27,0.0,Weekday
2024-12-06,12,261.09,5925.88,376.29,1972.89,1661.52,1134.5,0.0,Friday
2024-12-07,12,464.85,7076.49,419.78,2327.52,2163.12,1185.19,0.0,Weekend
2024-12-08,12,395.34,6668.87,449.36,2263.47,1958.38,1254.74,0.0,Weekend
2024-12-09,11,239.64,5528.59,360.97,1702.55,1585.18,1153.31,0.0,Weekday
2024-12-10,11,240.27,5484.3,385.79,1694.44,1574.63,1095.2,0.0,Weekday
2024-12-11,11,212.55,5587.43,356.89,1844.22,1354.74,1269.65,0.0,Weekday
2024-12-12,11,226.77,5515.97,379.92,1666.17,1456.1,1137.27,0.0,Weekday
2024-12-13,12,387.54,6446.37,415.31,2038.24,1862.88,1275.13,0.0,Friday
2024-12-14,12,407.91,6577.87,383.44,2205.73,1964.34,1248.86,0.0,Weekend
2024-12-15,12,553.11,7650.86,442.55,2820.53,2243.38,1265.45,0.0,Weekend
2024-12-16,11,210.42,5545.79,379.05,1682.3,1531.15,1110.71,0.0,Weekday
2024-12-17,11,255.9,5817.51,349.56,1911.21,1597.23,1131.22,0.0,Weekday
2024-12-18,11,279.81,5740.7,409.93,1704.51,1620.82,1157.95,0.0,Weekday
2024-12-19,11,205.56,5669.19,365.63,1692.43,1618.96,1178.98,0.0,Weekday
2024-12-20,12,335.28,6468.69,425.86,2111.16,1919.89,1253.67,0.0,Friday
2024-12-21,12,413.76,6658.21,441.67,2180.04,1938.79,1272.08,0.0,Weekend
2024-12-22,12,483.48,7340.21,438.43,2361.65,2335.29,1248.03,0.0,Weekend
2024-12-23,11,402.51,6461.37,447.25,1842.18,2116.92,1243.58,0.0,Weekday
2024-12-24,5,76.38,4732.12,257.23,1380.33,1192.75,1053.07,0.0,Weekday
2024-12-25,11,368.91,6945.79,352.09,2692.11,1632.13,1346.44,0.0,Holiday
2024-12-26,11,444.96,6904.13,444.74,2332.98,1975.9,1257.85,0.0,Holiday
2024-12-27,12,465.57,6772.79,433.67,2345.71,2028.89,1228.56,0.0,Friday
2024-12-28,12,498.48,7359.51,415.54,2455.84,2379.73,1293.89,0.0,Weekend
2024-12-29,12,391.65,7160.57,472.95,2458.33,2242.5,1276.66,0.0,Weekend
2024-12-30,11,404.94,6679.33,440.45,2134.39,2055.13,1239.93,0.0,Weekday
2024-12-31,5,213.51,5043.71,309.27,1542.14,1295.91,1123.95,0.0,Weekday
2025-01-01,11,467.91,7550.67,447.13,2831.29,2079.09,1314.42,0.0,Holiday
2025-01-02,11,339.39,6487.63,443.67,2254.26,1838.02,1288.28,0.0,Weekday
2025-01-03,12,357.57,6930.11,462.14,2266.05,2120.71,1292.86,0.0,Friday
2025-01-04,12,422.37,7367.0,490.4,2476.71,2302.2,1310.76,0.0,Weekend
2025-01-05,12,477.66,7518.43,460.12,2692.19,2257.86,1238.97,0.0,Weekend
2025-01-06,11,259.44,5819.84,342.43,1786.51,1663.98,1117.27,0.0,Weekday
2025-01-07,11,126.63,5016.84,396.71,1461.89,1449.12,1059.82,0.0,Weekday
2025-01-08,11,206.58,5592.88,363.46,1739.4,1629.59,1091.42,0.0,Weekday
2025-01-09,11,265.35,5518.59,383.81,1743.19,1605.17,1106.22,0.0,Weekday
2025-01-10,12,415.14,6626.04,414.47,2127.05,2014.28,1240.56,0.0,Friday
2025-01-11,12,609.33,8194.79,510.56,2717.93,2708.11,1415.55,0.0,Weekend
2025-01-12,11,497.61,7605.65,497.99,2659.14,2334.55,1302.23,0.0,Weekend
2025-01-13,11,202.47,5204.58,320.58,1601.52,1342.26,1122.89,0.0,Weekday
2025-01-14,11,140.37,5164.49,344.46,1605.92,1358.16,1128.46,0.0,Weekday
2025-01-15,11,258.6,5823.63,368.45,1867.6,1567.4,1171.95,0.0,Weekday
2025-01-16,11,225.78,5823.19,374.65,1885.23,1680.78,1120.9,0.0,Weekday
2025-01-17,12,494.01,6914.66,440.36,2043.81,2350.79,1199.23,0.0,Friday
2025-01-18,12,652.26,9083.25,557.92,3348.35,2576.7,1346.42,1473.96,Weekend
2025-01-19,11,582.12,7852.15,529.1,2646.09,2098.36,1313.3,1504.52,Weekend
2025-01-20,11,341.55,6203.89,397.69,1856.02,1745.03,1169.19,1238.29,Weekday
2025-01-21,11,267.33,5828.3,396.85,1602.82,1602.7,1147.65,1340.36,Weekday
2025-01-22,11,312.06,6027.2,405.9,1884.87,1523.97,1184.29,1218.43,Weekday
2025-01-23,11,266.73,5935.92,382.89,1948.64,1579.08,1089.88,1200.68,Weekday
2025-01-24,12,420.27,6930.16,448.38,2062.92,2128.96,1174.29,1304.83,Friday
2025-01-25,12,671.58,8689.92,508.56,2865.15,2509.76,1279.75,1629.25,Weekend
2025-01-26,11,619.44,8093.98,483.07,2453.08,2325.6,1280.47,1621.41,Weekend
2025-01-27,11,292.11,5872.18,370.58,1590.24,1579.26,1106.47,1371.16,Weekday
2025-01-28,11,292.29,5830.38,354.25,1863.97,1534.69,1155.68,1132.75,Weekday
2025-01-29,11,272.22,5763.72,355.24,1805.08,1593.17,1075.54,1176.05,Weekday
2025-01-30,11,179.82,5201.15,402.4,1460.71,1389.11,1112.6,1190.51,Weekday
2025-01-31,12,498.21,7109.58,487.96,2169.25,2158.0,1236.42,1336.81,Friday
2025-02-01,12,599.52,8228.66,536.4,2759.17,2487.52,1331.78,1310.46,Weekend
2025-02-02,11,425.97,6458.41,391.04,2216.11,1595.29,1092.79,1357.09,Weekend
2025-02-03,11,234.69,5554.6,328.77,1777.6,1324.89,1098.65,1226.19,Weekday
2025-02-04,11,253.05,5532.19,376.0,1586.37,1422.25,1117.09,1294.34,Weekday
2025-02-05,11,147.18,5351.48,361.48,1680.28,1373.94,1062.56,1168.8,Weekday
2025-02-06,11,262.32,5746.86,388.53,1789.96,1364.58,1111.44,1324.6,Weekday
2025-02-07,12,349.74,6482.51,442.22,2020.31,1643.78,1182.87,1472.82,Friday
2025-02-08,12,563.25,7809.6,505.43,2420.96,2289.19,1202.12,1543.84,Weekend
2025-02-09,11,643.02,8045.97,502.52,2836.64,1838.16,1228.4,1665.72,Weekend
2025-02-10,11,231.63,5493.46,400.0,1694.85,1461.26,1095.83,1195.79,Weekday
2025-02-11,11,252.57,5603.58,336.46,1661.72,1475.51,1135.25,1210.5,Weekday
2025-02-12,11,310.89,5611.75,325.29,1579.94,1494.55,1065.59,1376.43,Weekday
2025-02-13,11,275.22,5818.66,409.31,1679.49,1528.68,1090.75,1350.09,Weekday
2025-02-14,12,587.1,8274.32,541.02,2678.71,2435.77,1324.32,1490.51,Friday
2025-02-15,12,480.18,7441.26,476.83,2476.71,2425.76,1396.78,0.0,Weekend
2025-02-16,11,674.73,8826.99,499.28,3021.51,2746.82,1441.2,0.0,Weekend
2025-02-17,11,569.97,7830.8,485.05,2421.71,2703.54,1314.68,0.0,Holiday
2025-02-18,11,270.54,5853.76,395.22,1739.0,1755.41,1238.19,0.0,Weekday
2025-02-19,11,245.37,5984.58,381.93,1954.18,1670.36,1153.43,0.0,Weekday
2025-02-20,11,304.53,5901.24,389.84,1765.32,1783.01,1132.81,0.0,Weekday
2025-02-21,12,398.31,6653.51,470.17,2113.97,2063.86,1186.67,0.0,Friday
2025-02-22,12,671.19,7869.79,469.17,2327.57,2611.39,1417.61,0.0,Weekend
2025-02-23,11,512.85,7518.19,482.66,2422.38,2360.38,1293.29,0.0,Weekend
2025-02-24,11,243.6,5569.76,372.9,1671.66,1556.18,1160.42,0.0,Weekday
2025-02-25,11,212.04,5359.26,399.63,1574.07,1545.4,1117.07,0.0,Weekday
2025-02-26,11,306.87,6006.52,424.9,1792.55,1720.6,1185.23,0.0,Weekday
2025-02-27,11,289.11,5753.93,368.45,1521.65,1868.83,1194.42,0.0,Weekday
2025-02-28,12,558.0,7576.17,507.75,2306.83,2585.09,1269.27,0.0,Friday
2025-03-01,12,589.22,8408.41,587.81,2696.43,2917.26,1360.65,0.0,Weekend
2025-03-02,11,653.29,8411.8,495.04,2856.96,2699.48,1316.8,0.0,Weekend
2025-03-03,11,258.45,5871.62,355.31,1860.25,1602.48,1146.9,0.0,Weekday
2025-03-04,11,276.66,6099.12,367.65,1928.74,1824.79,1155.75,0.0,Weekday
2025-03-05,11,293.01,5730.48,384.61,1718.67,1666.77,1191.8,0.0,Weekday
2025-03-06,11,299.67,5986.97,383.08,1698.16,1912.47,1149.8,0.0,Weekday
2025-03-07,12,488.01,7558.73,498.47,2260.34,2623.82,1305.46,0.0,Friday
2025-03-08,12,881.5,9193.93,519.92,3221.73,2888.37,1517.13,0.0,Weekend
2025-03-09,11,472.38,7216.72,417.84,2355.51,2056.29,1230.22,0.0,Weekend
2025-03-10,11,226.8,5876.3,362.54,1760.03,1673.79,1176.63,0.0,Weekday
2025-03-11,11,256.05,5763.97,384.82,1801.86,1519.04,1155.56,0.0,Weekday
2025-03-12,11,215.4,5643.96,373.23,1752.22,1572.37,1142.15,0.0,Weekday
2025-03-13,11,336.39,6305.48,385.44,1765.8,2005.01,1194.3,0.0,Weekday
2025-03-14,12,460.17,7602.0,470.43,2317.78,2432.74,1276.01,0.0,Friday
2025-03-15,12,718.58,8265.51,487.56,2691.77,2704.08,1308.65,0.0,Weekend
2025-03-16,11,601.29,8026.83,545.05,2614.78,2646.72,1256.24,0.0,Weekend
2025-03-17,11,295.14,5943.71,343.26,1649.58,1826.84,1119.88,0.0,Weekday
2025-03-18,11,404.67,6515.86,399.57,2138.95,1847.35,1302.51,0.0,Weekday
2025-03-19,11,357.6,6153.63,345.36,1931.94,1780.86,1132.42,0.0,Weekday
2025-03-20,11,289.53,5773.33,337.84,1810.04,1635.43,1179.03,0.0,Weekday
2025-03-21,12,470.94,7748.97,493.83,2453.55,2715.27,1325.05,0.0,Friday
2025-03-22,12,755.55,9089.2,553.83,2848.76,3146.45,1361.93,0.0,Weekend
2025-03-23,11,546.57,7345.14,449.29,2635.72,2085.42,1338.44,0.0,Weekend
2025-03-24,11,243.81,5947.68,403.58,1778.8,1710.09,1221.92,0.0,Weekday
2025-03-25,11,368.34,6427.43,407.83,1993.28,1990.04,1222.9,0.0,Weekday
2025-03-26,11,350.61,6765.15,450.05,2206.82,2201.5,1215.49,0.0,Weekday
2025-03-27,11,378.72,6205.69,424.2,1971.66,1911.28,1198.68,0.0,Weekday
2025-03-28,12,532.65,7839.48,499.75,2582.62,2408.8,1363.32,0.0,Friday
2025-03-29,12,750.51,8977.91,582.38,2897.75,3069.44,1510.59,0.0,Weekend
2025-03-30,11,528.74,7499.68,482.62,2466.17,2518.94,1200.83,0.0,Weekend
2025-03-31,0,0.0,0.0,0.0,0.0,0.0,0.0,0.0,Unusual
2025-04-01,11,267.99,5667.0,390.87,1761.0,1614.69,1164.93,0.0,Weekday
2025-04-02,11,319.35,6146.58,387.22,1816.68,1850.37,1250.56,0.0,Weekday
2025-04-03,11,364.89,6478.12,410.11,1851.4,1994.91,1301.69,0.0,Weekday
2025-04-04,12,500.97,7847.18,505.4,2361.78,2909.05,1283.26,0.0,Friday
2025-04-05,12,684.51,8333.45,503.23,2741.58,2875.41,1328.56,0.0,Weekend
2025-04-06,11,515.62,7693.29,458.47,2729.06,2221.16,1389.98,0.0,Weekend
2025-04-07,6,251.49,5646.38,326.26,1779.3,1479.0,1127.11,0.0,Unusual
2025-04-08,11,290.82,5861.2,389.22,1901.71,1681.45,1195.89,0.0,Weekday
2025-04-09,11,403.83,6314.36,389.48,1931.69,1722.78,1360.09,0.0,Weekday
2025-04-10,11,329.61,6130.38,411.44,1935.01,1734.26,1230.27,0.0,Weekday
2025-04-11,12,502.95,7809.7,457.23,2620.86,2413.13,1407.46,0.0,Friday
2025-04-12,12,776.93,8762.29,556.71,2800.35,3174.9,1301.03,0.0,Weekend
2025-04-13,11,576.58,7993.34,486.05,2663.97,2574.15,1427.45,0.0,Weekend
2025-04-14,11,368.31,6205.64,417.57,1931.83,1902.15,1213.74,0.0,Weekday
2025-04-15,11,317.43,6256.89,436.0,1793.79,1991.9,1169.07,0.0,Weekday
2025-04-16,11,339.57,6351.23,424.49,2032.32,1821.99,1219.96,0.0,Weekday
2025-04-17,11,482.79,7677.02,498.99,2397.87,2657.17,1409.77,0.0,Holiday
2025-04-18,12,858.82,9554.01,557.42,2966.04,3318.52,1438.04,0.0,Holiday
2025-04-19,12,670.09,8931.83,497.81,3104.77,2815.83,1569.19,0.0,Weekend
2025-04-20,12,739.96,8562.43,520.52,2939.22,2715.35,1478.12,0.0,Weekend
2025-04-21,11,419.5,6788.93,424.97,1995.81,2100.79,1327.59,0.0,Holiday
2025-04-22,11,348.66,6191.56,427.27,1784.14,1882.11,1320.87,0.0,Weekday
2025-04-23,11,384.51,6318.28,388.86,2013.27,1839.39,1201.08,0.0,Weekday
2025-04-24,11,401.82,6942.02,439.75,2288.23,1992.56,1327.28,0.0,Weekday
2025-04-25,12,622.02,8275.69,546.74,2558.77,2871.13,1374.79,0.0,Friday
2025-04-26,12,649.12,8668.73,565.14,3045.15,2621.1,1525.43,0.0,Weekend
2025-04-27,11,688.78,8889.06,577.93,3035.22,2803.82,1570.92,0.0,Weekend
2025-04-28,11,328.68,6117.52,453.79,1887.54,1678.55,1305.06,0.0,Weekday
2025-04-29,11,275.31,6098.92,397.13,1981.96,1663.27,1207.77,0.0,Weekday
2025-04-30,11,403.29,6820.34,443.12,2139.04,2094.26,1368.06,0.0,Weekday
2025-05-01,11,390.51,6626.97,434.19,2093.51,1933.44,1315.42,0.0,Weekday
2025-05-02,12,548.46,7661.62,499.5,2427.97,2360.83,1465.32,0.0,Friday
2025-05-03,12,738.0,9502.82,617.68,3125.4,3085.15,1678.22,0.0,Weekend
2025-05-04,11,748.11,8929.46,588.51,2957.2,2727.75,1595.79,0.0,Weekend
2025-05-05,11,371.49,6625.6,403.38,1995.5,1917.55,1313.96,0.0,Weekday
2025-05-06,11,380.37,6409.63,421.71,2058.5,1826.67,1252.87,0.0,Weekday
2025-05-07,11,312.24,6525.46,412.03,2184.2,1794.6,1291.07,0.0,Weekday
2025-05-08,11,359.58,6124.76,389.28,1927.65,1669.04,1221.74,0.0,Weekday
